INSERT INTO gsbrv.famille (fam_code, fam_libelle) VALUES ('AA', 'Antalgiques en association');
INSERT INTO gsbrv.famille (fam_code, fam_libelle) VALUES ('AAA', 'Antalgiques antipyr├®tiques en association');
INSERT INTO gsbrv.famille (fam_code, fam_libelle) VALUES ('AAC', 'Antid├®presseur d''action centrale');
INSERT INTO gsbrv.famille (fam_code, fam_libelle) VALUES ('AAH', 'Antivertigineux antihistaminique H1');
INSERT INTO gsbrv.famille (fam_code, fam_libelle) VALUES ('ABA', 'Antibiotique antituberculeux');
INSERT INTO gsbrv.famille (fam_code, fam_libelle) VALUES ('ABC', 'Antibiotique antiacn├®ique local');
INSERT INTO gsbrv.famille (fam_code, fam_libelle) VALUES ('ABP', 'Antibiotique de la famille des b├®ta-lactamines (p├®nicilline A)');
INSERT INTO gsbrv.famille (fam_code, fam_libelle) VALUES ('AFC', 'Antibiotique de la famille des cyclines');
INSERT INTO gsbrv.famille (fam_code, fam_libelle) VALUES ('AFM', 'Antibiotique de la famille des macrolides');
INSERT INTO gsbrv.famille (fam_code, fam_libelle) VALUES ('AH', 'Antihistaminique H1 local');
INSERT INTO gsbrv.famille (fam_code, fam_libelle) VALUES ('AIM', 'Antid├®presseur imipraminique (tricyclique)');
INSERT INTO gsbrv.famille (fam_code, fam_libelle) VALUES ('AIN', 'Antid├®presseur inhibiteur s├®lectif de la recapture de la s├®rotonine');
INSERT INTO gsbrv.famille (fam_code, fam_libelle) VALUES ('ALO', 'Antibiotique local (ORL)');
INSERT INTO gsbrv.famille (fam_code, fam_libelle) VALUES ('ANS', 'Antid├®presseur IMAO non s├®lectif');
INSERT INTO gsbrv.famille (fam_code, fam_libelle) VALUES ('AO', 'Antibiotique ophtalmique');
INSERT INTO gsbrv.famille (fam_code, fam_libelle) VALUES ('AP', 'Antipsychotique normothymique');
INSERT INTO gsbrv.famille (fam_code, fam_libelle) VALUES ('AUM', 'Antibiotique urinaire minute');
INSERT INTO gsbrv.famille (fam_code, fam_libelle) VALUES ('CRT', 'Cortico├»de, antibiotique et antifongique ├á usage local');
INSERT INTO gsbrv.famille (fam_code, fam_libelle) VALUES ('HYP', 'Hypnotique antihistaminique');
INSERT INTO gsbrv.famille (fam_code, fam_libelle) VALUES ('PSA', 'Psychostimulant, antiasth├®nique');
INSERT INTO gsbrv.laboratoire (lab_code, lab_nom, lab_chefvente) VALUES ('BC', 'Bichat', 'Suzanne Terminus');
INSERT INTO gsbrv.laboratoire (lab_code, lab_nom, lab_chefvente) VALUES ('GY', 'Gyverny', 'Marcel MacDouglas');
INSERT INTO gsbrv.laboratoire (lab_code, lab_nom, lab_chefvente) VALUES ('SW', 'Swiss Kane', 'Alain Poutre');
INSERT INTO gsbrv.medicament (med_depotlegal, med_nomcommercial, fam_code, med_composition, med_effets, med_contreindic, med_prixechantillon) VALUES ('3MYC7', 'TRIMYCINE', 'CRT', 'Triamcinolone (ac├®tonide) + N├®omycine + Nystatine', 'Ce m├®dicament est un cortico├»de ├á activit├® forte ou tr├¿s forte associ├® ├á un antibiotique et un antifongique, utilis├® en application locale dans certaines atteintes cutan├®es surinfect├®es.', 'Ce m├®dicament est contre-indiqu├® en cas d''''allergie ├á l''''un des constituants, d''''infections de la peau ou de parasitisme non trait├®s, d''''acn├®. Ne pas appliquer sur une plaie, ni sous un pansement occlusif.', null);
INSERT INTO gsbrv.medicament (med_depotlegal, med_nomcommercial, fam_code, med_composition, med_effets, med_contreindic, med_prixechantillon) VALUES ('ADIMOL9', 'ADIMOL', 'ABP', 'Amoxicilline + Acide clavulanique', 'Ce m├®dicament, plus puissant que les p├®nicillines simples, est utilis├® pour traiter des infections bact├®riennes sp├®cifiques.', 'Ce m├®dicament est contre-indiqu├® en cas d''''allergie aux p├®nicillines ou aux c├®phalosporines.', null);
INSERT INTO gsbrv.medicament (med_depotlegal, med_nomcommercial, fam_code, med_composition, med_effets, med_contreindic, med_prixechantillon) VALUES ('AMOPIL7', 'AMOPIL', 'ABP', 'Amoxicilline', 'Ce m├®dicament, plus puissant que les p├®nicillines simples, est utilis├® pour traiter des infections bact├®riennes sp├®cifiques.', 'Ce m├®dicament est contre-indiqu├® en cas d''''allergie aux p├®nicillines. Il doit ├¬tre administr├® avec prudence en cas d''''allergie aux c├®phalosporines.', null);
INSERT INTO gsbrv.medicament (med_depotlegal, med_nomcommercial, fam_code, med_composition, med_effets, med_contreindic, med_prixechantillon) VALUES ('AMOX45', 'AMOXAR', 'ABP', 'Amoxicilline', 'Ce m├®dicament, plus puissant que les p├®nicillines simples, est utilis├® pour traiter des infections bact├®riennes sp├®cifiques.', 'La prise de ce m├®dicament peut rendre positifs les tests de d├®pistage du dopage.', null);
INSERT INTO gsbrv.medicament (med_depotlegal, med_nomcommercial, fam_code, med_composition, med_effets, med_contreindic, med_prixechantillon) VALUES ('AMOXIG12', 'AMOXI G├®', 'ABP', 'Amoxicilline', 'Ce m├®dicament, plus puissant que les p├®nicillines simples, est utilis├® pour traiter des infections bact├®riennes sp├®cifiques.', 'Ce m├®dicament est contre-indiqu├® en cas d''''allergie aux p├®nicillines. Il doit ├¬tre administr├® avec prudence en cas d''''allergie aux c├®phalosporines.', null);
INSERT INTO gsbrv.medicament (med_depotlegal, med_nomcommercial, fam_code, med_composition, med_effets, med_contreindic, med_prixechantillon) VALUES ('APATOUX22', 'APATOUX Vitamine C', 'ALO', 'Tyrothricine + T├®trac├¿ne + Acide ascorbique (Vitamine C)', 'Ce m├®dicament est utilis├® pour traiter les affections de la bouche et de la gorge.', 'Ce m├®dicament est contre-indiqu├® en cas d''''allergie ├á l''''un des constituants, en cas de ph├®nylc├®tonurie et chez l''''enfant de moins de 6 ans.', null);
INSERT INTO gsbrv.medicament (med_depotlegal, med_nomcommercial, fam_code, med_composition, med_effets, med_contreindic, med_prixechantillon) VALUES ('BACTIG10', 'BACTIGEL', 'ABC', 'Erythromycine', 'Ce m├®dicament est utilis├® en application locale pour traiter l''''acn├® et les infections cutan├®es bact├®riennes associ├®es.', 'Ce m├®dicament est contre-indiqu├® en cas d''''allergie aux antibiotiques de la famille des macrolides ou des lincosanides.', null);
INSERT INTO gsbrv.medicament (med_depotlegal, med_nomcommercial, fam_code, med_composition, med_effets, med_contreindic, med_prixechantillon) VALUES ('BACTIV13', 'BACTIVIL', 'AFM', 'Erythromycine', 'Ce m├®dicament est utilis├® pour traiter des infections bact├®riennes sp├®cifiques.', 'Ce m├®dicament est contre-indiqu├® en cas d''''allergie aux macrolides (dont le chef de file est l''''├®rythromycine).', null);
INSERT INTO gsbrv.medicament (med_depotlegal, med_nomcommercial, fam_code, med_composition, med_effets, med_contreindic, med_prixechantillon) VALUES ('BITALV', 'BIVALIC', 'AAA', 'Dextropropoxyph├¿ne + Parac├®tamol', 'Ce m├®dicament est utilis├® pour traiter les douleurs d''''intensit├® mod├®r├®e ou intense.', 'Ce m├®dicament est contre-indiqu├® en cas d''''allergie aux m├®dicaments de cette famille, d''''insuffisance h├®patique ou d''''insuffisance r├®nale.', null);
INSERT INTO gsbrv.medicament (med_depotlegal, med_nomcommercial, fam_code, med_composition, med_effets, med_contreindic, med_prixechantillon) VALUES ('CARTION6', 'CARTION', 'AAA', 'Acide ac├®tylsalicylique (aspirine) + Acide ascorbique (Vitamine C) + Parac├®tamol', 'Ce m├®dicament est utilis├® dans le traitement symptomatique de la douleur ou de la fi├¿vre.', 'Ce m├®dicament est contre-indiqu├® en cas de troubles de la coagulation (tendances aux h├®morragies), d''''ulc├¿re gastroduod├®nal, maladies graves du foie.', null);
INSERT INTO gsbrv.medicament (med_depotlegal, med_nomcommercial, fam_code, med_composition, med_effets, med_contreindic, med_prixechantillon) VALUES ('CLAZER6', 'CLAZER', 'AFM', 'Clarithromycine', 'Ce m├®dicament est utilis├® pour traiter des infections bact├®riennes sp├®cifiques. Il est ├®galement utilis├® dans le traitement de l''''ulc├¿re gastro-duod├®nal, en association avec d''''autres m├®dicaments.', 'Ce m├®dicament est contre-indiqu├® en cas d''''allergie aux macrolides (dont le chef de file est l''''├®rythromycine).', null);
INSERT INTO gsbrv.medicament (med_depotlegal, med_nomcommercial, fam_code, med_composition, med_effets, med_contreindic, med_prixechantillon) VALUES ('DEPRIL9', 'DEPRAMIL', 'AIM', 'Clomipramine', 'Ce m├®dicament est utilis├® pour traiter les ├®pisodes d├®pressifs s├®v├¿res, certaines douleurs rebelles, les troubles obsessionnels compulsifs et certaines ├®nur├®sies chez l''''enfant.', 'Ce m├®dicament est contre-indiqu├® en cas de glaucome ou d''''ad├®nome de la prostate, d''''infarctus r├®cent, ou si vous avez re├ºu un traitement par IMAO durant les 2 semaines pr├®c├®dentes ou en cas d''''allergie aux atid├®presseurs imipraminiques.', null);
INSERT INTO gsbrv.medicament (med_depotlegal, med_nomcommercial, fam_code, med_composition, med_effets, med_contreindic, med_prixechantillon) VALUES ('DIMIRTAM6', 'DIMIRTAM', 'AAC', 'Mirtazapine', 'Ce m├®dicament est utilis├® pour traiter les ├®pisodes d├®pressifs s├®v├¿res.', 'La prise de ce produit est contre-indiqu├®e en cas de d''''allergie ├á l''''un des constituants.', null);
INSERT INTO gsbrv.medicament (med_depotlegal, med_nomcommercial, fam_code, med_composition, med_effets, med_contreindic, med_prixechantillon) VALUES ('DOLRIL7', 'DOLORIL', 'AAA', 'Acide ac├®tylsalicylique (aspirine) + Acide ascorbique (Vitamine C) + Parac├®tamol', 'Ce m├®dicament est utilis├® dans le traitement symptomatique de la douleur ou de la fi├¿vre.', 'Ce m├®dicament est contre-indiqu├® en cas d''''allergie au Parac├®tamol ou aux salicylates.', null);
INSERT INTO gsbrv.medicament (med_depotlegal, med_nomcommercial, fam_code, med_composition, med_effets, med_contreindic, med_prixechantillon) VALUES ('DORNOM8', 'NORMADOR', 'HYP', 'Doxylamine', 'Ce m├®dicament est utilis├® pour traiter l''''insomnie chez l''''adulte.', 'Ce m├®dicament est contre-indiqu├® en cas de glaucome, de certains troubles urinaires (r├®tention urinaire) et chez l''''enfant de moins de 15 ans.', null);
INSERT INTO gsbrv.medicament (med_depotlegal, med_nomcommercial, fam_code, med_composition, med_effets, med_contreindic, med_prixechantillon) VALUES ('EQUILARX6', 'EQUILAR', 'AAH', 'M├®clozine', 'Ce m├®dicament est utilis├® pour traiter les vertiges et pour pr├®venir le mal des transports.', 'Ce m├®dicament ne doit pas ├¬tre utilis├® en cas d''''allergie au produit, en cas de glaucome ou de r├®tention urinaire.', null);
INSERT INTO gsbrv.medicament (med_depotlegal, med_nomcommercial, fam_code, med_composition, med_effets, med_contreindic, med_prixechantillon) VALUES ('EVILR7', 'EVEILLOR', 'PSA', 'Adrafinil', 'Ce m├®dicament est utilis├® pour traiter les troubles de la vigilance et certains symptomes neurologiques chez le sujet ag├®.', 'Ce m├®dicament est contre-indiqu├® en cas d''''allergie ├á┬á l''''un des constituants.', null);
INSERT INTO gsbrv.medicament (med_depotlegal, med_nomcommercial, fam_code, med_composition, med_effets, med_contreindic, med_prixechantillon) VALUES ('INSXT5', 'INSECTIL', 'AH', 'Diph├®nydramine', 'Ce m├®dicament est utilis├® en application locale sur les piq├╗res d''''insecte et l''''urticaire.', 'Ce m├®dicament est contre-indiqu├® en cas d''''allergie aux antihistaminiques.', null);
INSERT INTO gsbrv.medicament (med_depotlegal, med_nomcommercial, fam_code, med_composition, med_effets, med_contreindic, med_prixechantillon) VALUES ('JOVAI8', 'JOVENIL', 'AFM', 'Josamycine', 'Ce m├®dicament est utilis├® pour traiter des infections bact├®riennes sp├®cifiques.', 'Ce m├®dicament est contre-indiqu├® en cas d''''allergie aux macrolides (dont le chef de file est l''''├®rythromycine).', null);
INSERT INTO gsbrv.medicament (med_depotlegal, med_nomcommercial, fam_code, med_composition, med_effets, med_contreindic, med_prixechantillon) VALUES ('LIDOXY23', 'LIDOXYTRACINE', 'AFC', 'Oxyt├®tracycline +Lidoca├»ne', 'Ce m├®dicament est utilis├® en injection intramusculaire pour traiter certaines infections sp├®cifiques.', 'Ce m├®dicament est contre-indiqu├® en cas d''''allergie ├á┬á l''''un des constituants. Il ne doit pas ├¬tre associ├® aux r├®tino├»des.', null);
INSERT INTO gsbrv.medicament (med_depotlegal, med_nomcommercial, fam_code, med_composition, med_effets, med_contreindic, med_prixechantillon) VALUES ('LITHOR12', 'LITHORINE', 'AP', 'Lithium', 'Ce m├®dicament est indiqu├® dans la pr├®vention des psychoses maniaco-d├®pressives ou pour traiter les ├®tats maniaques.', 'Ce m├®dicament ne doit pas ├¬tre utilis├® si vous ├¬tes allergique au lithium. Avant de prendre ce traitement, signalez ├á┬á votre M├®decin traitant si vous souffrez d''''insuffisance r├®nale, ou si vous avez un r├®gime sans sel.', null);
INSERT INTO gsbrv.medicament (med_depotlegal, med_nomcommercial, fam_code, med_composition, med_effets, med_contreindic, med_prixechantillon) VALUES ('PARMOL16', 'PARMOCODEINE', 'AA', 'Cod├®ine + Parac├®tamol', 'Ce m├®dicament est utilis├® pour le traitement des douleurs lorsque des antalgiques simples ne sont pas assez efficaces.', 'Ce m├®dicament est contre-indiqu├® en cas d''''allergie ├á┬á l''''un des constituants, chez l''''enfant de moins de 15 Kg, en cas d''''insuffisance h├®patique ou respiratoire, d''''asthme, de ph├®nylc├®tonurie et chez la femme qui allaite.', null);
INSERT INTO gsbrv.medicament (med_depotlegal, med_nomcommercial, fam_code, med_composition, med_effets, med_contreindic, med_prixechantillon) VALUES ('PHYSOI8', 'PHYSICOR', 'PSA', 'Sulbutiamine', 'Ce m├®dicament est utilis├® pour traiter les baisses d''''activit├® physique ou psychique, souvent dans un contexte de d├®pression.', 'Ce m├®dicament est contre-indiqu├® en cas d''''allergie ├á l''''un des constituants.', null);
INSERT INTO gsbrv.medicament (med_depotlegal, med_nomcommercial, fam_code, med_composition, med_effets, med_contreindic, med_prixechantillon) VALUES ('PIRIZ8', 'PIRIZAN', 'ABA', 'Pyrazinamide', 'Ce m├®dicament est utilis├®, en association ├á d''''autres antibiotiques, pour traiter la tuberculose.', 'Ce m├®dicament est contre-indiqu├® en cas d''''allergie ├á┬á l''''un des constituants, d''''insuffisance r├®nale ou h├®patique, d''''hyperuric├®mie ou de porphyrie.', null);
INSERT INTO gsbrv.medicament (med_depotlegal, med_nomcommercial, fam_code, med_composition, med_effets, med_contreindic, med_prixechantillon) VALUES ('POMDI20', 'POMADINE', 'AO', 'Bacitracine', 'Ce m├®dicament est utilis├® pour traiter les infections oculaires de la surface de l''''oeil.', 'Ce m├®dicament est contre-indiqu├® en cas d''''allergie aux antibiotiques appliqu├®s localement.', null);
INSERT INTO gsbrv.medicament (med_depotlegal, med_nomcommercial, fam_code, med_composition, med_effets, med_contreindic, med_prixechantillon) VALUES ('TROXT21', 'TROXADET', 'AIN', 'Parox├®tine', 'Ce m├®dicament est utilis├® pour traiter la d├®pression et les troubles obsessionnels compulsifs. Il peut ├®galement ├¬tre utilis├® en pr├®vention des crises de panique avec ou sans agoraphobie.', 'Ce m├®dicament est contre-indiqu├® en cas d''''allergie au produit.', null);
INSERT INTO gsbrv.medicament (med_depotlegal, med_nomcommercial, fam_code, med_composition, med_effets, med_contreindic, med_prixechantillon) VALUES ('TXISOL22', 'TOUXISOL Vitamine C', 'ALO', 'Tyrothricine + Acide ascorbique (Vitamine C)', 'Ce m├®dicament est utilis├® pour traiter les affections de la bouche et de la gorge.', 'Ce m├®dicament est contre-indiqu├® en cas d''''allergie ├á l''''un des constituants et chez l''''enfant de moins de 6 ans.', null);
INSERT INTO gsbrv.medicament (med_depotlegal, med_nomcommercial, fam_code, med_composition, med_effets, med_contreindic, med_prixechantillon) VALUES ('URIEG6', 'URIREGUL', 'AUM', 'Fosfomycine trom├®tamol', 'Ce m├®dicament est utilis├® pour traiter les infections urinaires simples chez la femme de moins de 65 ans.', 'La prise de ce m├®dicament est contre-indiqu├®e en cas d''''allergie ├á l''''un des constituants et d''''insuffisance r├®nale.', null);
INSERT INTO gsbrv.motif (mo_code, mo_libelle) VALUES (1, 'Malade');
INSERT INTO gsbrv.offrir (vis_matricule, rap_num, med_depotlegal, off_quantite) VALUES ('a131', 1, 'EVILR7', 2);
INSERT INTO gsbrv.offrir (vis_matricule, rap_num, med_depotlegal, off_quantite) VALUES ('a131', 1, 'PHYSOI8', 5);
INSERT INTO gsbrv.typepraticien (typ_code, typ_libelle, typ_lieu) VALUES ('MH', 'M├®decin Hospitalier', 'Hopital ou clinique');
INSERT INTO gsbrv.typepraticien (typ_code, typ_libelle, typ_lieu) VALUES ('MV', 'M├®decine de Ville', 'Cabinet');
INSERT INTO gsbrv.typepraticien (typ_code, typ_libelle, typ_lieu) VALUES ('PH', 'Pharmacien Hospitalier', 'Hopital ou clinique');
INSERT INTO gsbrv.typepraticien (typ_code, typ_libelle, typ_lieu) VALUES ('PO', 'Pharmacien Officine', 'Pharmacie');
INSERT INTO gsbrv.typepraticien (typ_code, typ_libelle, typ_lieu) VALUES ('PS', 'Personnel de sant├®', 'Centre param├®dical');
INSERT INTO gsbrv.praticien (pra_num, pra_nom, pra_prenom, pra_adresse, pra_cp, pra_ville, pra_coefnotoriete, typ_code) VALUES (1, 'Notini', 'Alain', '114 r Authie', '85000', 'LA ROCHE SUR YON', 290.03, 'MH');
INSERT INTO gsbrv.praticien (pra_num, pra_nom, pra_prenom, pra_adresse, pra_cp, pra_ville, pra_coefnotoriete, typ_code) VALUES (2, 'Gosselin', 'Albert', '13 r Devon', '41000', 'BLOIS', 307.49, 'MV');
INSERT INTO gsbrv.praticien (pra_num, pra_nom, pra_prenom, pra_adresse, pra_cp, pra_ville, pra_coefnotoriete, typ_code) VALUES (3, 'Delahaye', 'Andr├®', '36 av 6 Juin', '25000', 'BESANCON', 185.79, 'PS');
INSERT INTO gsbrv.praticien (pra_num, pra_nom, pra_prenom, pra_adresse, pra_cp, pra_ville, pra_coefnotoriete, typ_code) VALUES (4, 'Leroux', 'Andr├®', '47 av Robert Schuman', '60000', 'BEAUVAIS', 172.04, 'PH');
INSERT INTO gsbrv.praticien (pra_num, pra_nom, pra_prenom, pra_adresse, pra_cp, pra_ville, pra_coefnotoriete, typ_code) VALUES (5, 'Desmoulins', 'Anne', '31 r St Jean', '30000', 'NIMES', 94.75, 'PO');
INSERT INTO gsbrv.praticien (pra_num, pra_nom, pra_prenom, pra_adresse, pra_cp, pra_ville, pra_coefnotoriete, typ_code) VALUES (6, 'Mouel', 'Anne', '27 r Auvergne', '80000', 'AMIENS', 45.2, 'MH');
INSERT INTO gsbrv.praticien (pra_num, pra_nom, pra_prenom, pra_adresse, pra_cp, pra_ville, pra_coefnotoriete, typ_code) VALUES (7, 'Desgranges-Lentz', 'Antoine', '1 r Albert de Mun', '29000', 'MORLAIX', 20.07, 'MV');
INSERT INTO gsbrv.praticien (pra_num, pra_nom, pra_prenom, pra_adresse, pra_cp, pra_ville, pra_coefnotoriete, typ_code) VALUES (8, 'Marcouiller', 'Arnaud', '31 r St Jean', '68000', 'MULHOUSE', 396.52, 'PS');
INSERT INTO gsbrv.praticien (pra_num, pra_nom, pra_prenom, pra_adresse, pra_cp, pra_ville, pra_coefnotoriete, typ_code) VALUES (9, 'Dupuy', 'Benoit', '9 r Demolombe', '34000', 'MONTPELLIER', 395.66, 'PH');
INSERT INTO gsbrv.praticien (pra_num, pra_nom, pra_prenom, pra_adresse, pra_cp, pra_ville, pra_coefnotoriete, typ_code) VALUES (10, 'Lerat', 'Bernard', '31 r St Jean', '59000', 'LILLE', 257.79, 'PO');
INSERT INTO gsbrv.praticien (pra_num, pra_nom, pra_prenom, pra_adresse, pra_cp, pra_ville, pra_coefnotoriete, typ_code) VALUES (11, 'Mar├ºais-Lefebvre', 'Bertrand', '86Bis r Basse', '67000', 'STRASBOURG', 450.96, 'MH');
INSERT INTO gsbrv.praticien (pra_num, pra_nom, pra_prenom, pra_adresse, pra_cp, pra_ville, pra_coefnotoriete, typ_code) VALUES (12, 'Boscher', 'Bruno', '94 r Falaise', '10000', 'TROYES', 356.14, 'MV');
INSERT INTO gsbrv.praticien (pra_num, pra_nom, pra_prenom, pra_adresse, pra_cp, pra_ville, pra_coefnotoriete, typ_code) VALUES (13, 'Morel', 'Catherine', '21 r Chateaubriand', '75000', 'PARIS', 379.57, 'PS');
INSERT INTO gsbrv.praticien (pra_num, pra_nom, pra_prenom, pra_adresse, pra_cp, pra_ville, pra_coefnotoriete, typ_code) VALUES (14, 'Guivarch', 'Chantal', '4 av G├®n Laperrine', '45000', 'ORLEANS', 114.56, 'PH');
INSERT INTO gsbrv.praticien (pra_num, pra_nom, pra_prenom, pra_adresse, pra_cp, pra_ville, pra_coefnotoriete, typ_code) VALUES (15, 'Bessin-Grosdoit', 'Christophe', '92 r Falaise', '6000', 'NICE', 222.06, 'PO');
INSERT INTO gsbrv.praticien (pra_num, pra_nom, pra_prenom, pra_adresse, pra_cp, pra_ville, pra_coefnotoriete, typ_code) VALUES (16, 'Rossa', 'Claire', '14 av Thi├¿s', '6000', 'NICE', 529.78, 'MH');
INSERT INTO gsbrv.praticien (pra_num, pra_nom, pra_prenom, pra_adresse, pra_cp, pra_ville, pra_coefnotoriete, typ_code) VALUES (17, 'Cauchy', 'Denis', '5 av Ste Th├®r├¿se', '11000', 'NARBONNE', 458.82, 'MV');
INSERT INTO gsbrv.praticien (pra_num, pra_nom, pra_prenom, pra_adresse, pra_cp, pra_ville, pra_coefnotoriete, typ_code) VALUES (18, 'Gaff├®', 'Dominique', '9 av 1├¿re Arm├®e Fran├ºaise', '35000', 'RENNES', 213.4, 'PS');
INSERT INTO gsbrv.praticien (pra_num, pra_nom, pra_prenom, pra_adresse, pra_cp, pra_ville, pra_coefnotoriete, typ_code) VALUES (19, 'Guenon', 'Dominique', '98 bd Mar Lyautey', '44000', 'NANTES', 175.89, 'PH');
INSERT INTO gsbrv.praticien (pra_num, pra_nom, pra_prenom, pra_adresse, pra_cp, pra_ville, pra_coefnotoriete, typ_code) VALUES (20, 'Pr├®vot', 'Dominique', '29 r Lucien Nelle', '87000', 'LIMOGES', 151.36, 'PO');
INSERT INTO gsbrv.praticien (pra_num, pra_nom, pra_prenom, pra_adresse, pra_cp, pra_ville, pra_coefnotoriete, typ_code) VALUES (21, 'Houchard', 'Eliane', '9 r Demolombe', '49100', 'ANGERS', 436.96, 'MH');
INSERT INTO gsbrv.praticien (pra_num, pra_nom, pra_prenom, pra_adresse, pra_cp, pra_ville, pra_coefnotoriete, typ_code) VALUES (22, 'Desmons', 'Elisabeth', '51 r Berni├¿res', '29000', 'QUIMPER', 281.17, 'MV');
INSERT INTO gsbrv.praticien (pra_num, pra_nom, pra_prenom, pra_adresse, pra_cp, pra_ville, pra_coefnotoriete, typ_code) VALUES (23, 'Flament', 'Elisabeth', '11 r Pasteur', '35000', 'RENNES', 315.6, 'PS');
INSERT INTO gsbrv.praticien (pra_num, pra_nom, pra_prenom, pra_adresse, pra_cp, pra_ville, pra_coefnotoriete, typ_code) VALUES (24, 'Goussard', 'Emmanuel', '9 r Demolombe', '41000', 'BLOIS', 40.72, 'PH');
INSERT INTO gsbrv.praticien (pra_num, pra_nom, pra_prenom, pra_adresse, pra_cp, pra_ville, pra_coefnotoriete, typ_code) VALUES (25, 'Desprez', 'Eric', '9 r Vaucelles', '33000', 'BORDEAUX', 406.85, 'PO');
INSERT INTO gsbrv.praticien (pra_num, pra_nom, pra_prenom, pra_adresse, pra_cp, pra_ville, pra_coefnotoriete, typ_code) VALUES (26, 'Coste', 'Evelyne', '29 r Lucien Nelle', '19000', 'TULLE', 441.87, 'MH');
INSERT INTO gsbrv.praticien (pra_num, pra_nom, pra_prenom, pra_adresse, pra_cp, pra_ville, pra_coefnotoriete, typ_code) VALUES (27, 'Lefebvre', 'Fr├®d├®ric', '2 pl Wurzburg', '55000', 'VERDUN', 573.63, 'MV');
INSERT INTO gsbrv.praticien (pra_num, pra_nom, pra_prenom, pra_adresse, pra_cp, pra_ville, pra_coefnotoriete, typ_code) VALUES (28, 'Lem├®e', 'Fr├®d├®ric', '29 av 6 Juin', '56000', 'VANNES', 326.4, 'PS');
INSERT INTO gsbrv.praticien (pra_num, pra_nom, pra_prenom, pra_adresse, pra_cp, pra_ville, pra_coefnotoriete, typ_code) VALUES (29, 'Martin', 'Fr├®d├®ric', 'B├ót A 90 r Bayeux', '70000', 'VESOUL', 506.06, 'PH');
INSERT INTO gsbrv.praticien (pra_num, pra_nom, pra_prenom, pra_adresse, pra_cp, pra_ville, pra_coefnotoriete, typ_code) VALUES (30, 'Marie', 'Fr├®d├®rique', '172 r Caponi├¿re', '70000', 'VESOUL', 313.31, 'PO');
INSERT INTO gsbrv.praticien (pra_num, pra_nom, pra_prenom, pra_adresse, pra_cp, pra_ville, pra_coefnotoriete, typ_code) VALUES (31, 'Rosenstech', 'Genevi├¿ve', '27 r Auvergne', '75000', 'PARIS', 366.82, 'MH');
INSERT INTO gsbrv.praticien (pra_num, pra_nom, pra_prenom, pra_adresse, pra_cp, pra_ville, pra_coefnotoriete, typ_code) VALUES (32, 'Pontavice', 'Ghislaine', '8 r Gaillon', '86000', 'POITIERS', 265.58, 'MV');
INSERT INTO gsbrv.praticien (pra_num, pra_nom, pra_prenom, pra_adresse, pra_cp, pra_ville, pra_coefnotoriete, typ_code) VALUES (33, 'Leveneur-Mosquet', 'Guillaume', '47 av Robert Schuman', '64000', 'PAU', 184.97, 'PS');
INSERT INTO gsbrv.praticien (pra_num, pra_nom, pra_prenom, pra_adresse, pra_cp, pra_ville, pra_coefnotoriete, typ_code) VALUES (34, 'Blanchais', 'Guy', '30 r Authie', '8000', 'SEDAN', 502.48, 'PH');
INSERT INTO gsbrv.praticien (pra_num, pra_nom, pra_prenom, pra_adresse, pra_cp, pra_ville, pra_coefnotoriete, typ_code) VALUES (35, 'Leveneur', 'Hugues', '7 pl St Gilles', '62000', 'ARRAS', 7.39, 'PO');
INSERT INTO gsbrv.praticien (pra_num, pra_nom, pra_prenom, pra_adresse, pra_cp, pra_ville, pra_coefnotoriete, typ_code) VALUES (36, 'Mosquet', 'Isabelle', '22 r Jules Verne', '76000', 'ROUEN', 77.1, 'MH');
INSERT INTO gsbrv.praticien (pra_num, pra_nom, pra_prenom, pra_adresse, pra_cp, pra_ville, pra_coefnotoriete, typ_code) VALUES (37, 'Giraudon', 'Jean-Christophe', '1 r Albert de Mun', '38100', 'VIENNE', 92.62, 'MV');
INSERT INTO gsbrv.praticien (pra_num, pra_nom, pra_prenom, pra_adresse, pra_cp, pra_ville, pra_coefnotoriete, typ_code) VALUES (38, 'Marie', 'Jean-Claude', '26 r H├®rouville', '69000', 'LYON', 120.1, 'PS');
INSERT INTO gsbrv.praticien (pra_num, pra_nom, pra_prenom, pra_adresse, pra_cp, pra_ville, pra_coefnotoriete, typ_code) VALUES (39, 'Maury', 'Jean-Fran├ºois', '5 r Pierre Girard', '71000', 'CHALON SUR SAONE', 13.73, 'PH');
INSERT INTO gsbrv.praticien (pra_num, pra_nom, pra_prenom, pra_adresse, pra_cp, pra_ville, pra_coefnotoriete, typ_code) VALUES (40, 'Dennel', 'Jean-Louis', '7 pl St Gilles', '28000', 'CHARTRES', 550.69, 'PO');
INSERT INTO gsbrv.praticien (pra_num, pra_nom, pra_prenom, pra_adresse, pra_cp, pra_ville, pra_coefnotoriete, typ_code) VALUES (41, 'Ain', 'Jean-Pierre', '4 r├®sid Olympia', '2000', 'LAON', 5.59, 'MH');
INSERT INTO gsbrv.praticien (pra_num, pra_nom, pra_prenom, pra_adresse, pra_cp, pra_ville, pra_coefnotoriete, typ_code) VALUES (42, 'Chemery', 'Jean-Pierre', '51 pl Ancienne Boucherie', '14000', 'CAEN', 396.58, 'MV');
INSERT INTO gsbrv.praticien (pra_num, pra_nom, pra_prenom, pra_adresse, pra_cp, pra_ville, pra_coefnotoriete, typ_code) VALUES (43, 'Comoz', 'Jean-Pierre', '35 r Auguste Lechesne', '18000', 'BOURGES', 340.35, 'PS');
INSERT INTO gsbrv.praticien (pra_num, pra_nom, pra_prenom, pra_adresse, pra_cp, pra_ville, pra_coefnotoriete, typ_code) VALUES (44, 'Desfaudais', 'Jean-Pierre', '7 pl St Gilles', '29000', 'BREST', 71.76, 'PH');
INSERT INTO gsbrv.praticien (pra_num, pra_nom, pra_prenom, pra_adresse, pra_cp, pra_ville, pra_coefnotoriete, typ_code) VALUES (45, 'Phan', 'J├®r├┤me', '9 r Clos Caillet', '79000', 'NIORT', 451.61, 'PO');
INSERT INTO gsbrv.praticien (pra_num, pra_nom, pra_prenom, pra_adresse, pra_cp, pra_ville, pra_coefnotoriete, typ_code) VALUES (46, 'Riou', 'Line', '43 bd G├®n Vanier', '77000', 'MARNE LA VALLEE', 193.25, 'MH');
INSERT INTO gsbrv.praticien (pra_num, pra_nom, pra_prenom, pra_adresse, pra_cp, pra_ville, pra_coefnotoriete, typ_code) VALUES (47, 'Chubilleau', 'Louis', '46 r Eglise', '17000', 'SAINTES', 202.07, 'MV');
INSERT INTO gsbrv.praticien (pra_num, pra_nom, pra_prenom, pra_adresse, pra_cp, pra_ville, pra_coefnotoriete, typ_code) VALUES (48, 'Lebrun', 'Lucette', '178 r Auge', '54000', 'NANCY', 410.41, 'PS');
INSERT INTO gsbrv.praticien (pra_num, pra_nom, pra_prenom, pra_adresse, pra_cp, pra_ville, pra_coefnotoriete, typ_code) VALUES (49, 'Goessens', 'Marc', '6 av 6 Juin', '39000', 'DOLE', 548.57, 'PH');
INSERT INTO gsbrv.praticien (pra_num, pra_nom, pra_prenom, pra_adresse, pra_cp, pra_ville, pra_coefnotoriete, typ_code) VALUES (50, 'Laforge', 'Marc', '5 r├®sid Prairie', '50000', 'SAINT LO', 265.05, 'PO');
INSERT INTO gsbrv.praticien (pra_num, pra_nom, pra_prenom, pra_adresse, pra_cp, pra_ville, pra_coefnotoriete, typ_code) VALUES (51, 'Millereau', 'Marc', '36 av 6 Juin', '72000', 'LA FERTE BERNARD', 430.42, 'MH');
INSERT INTO gsbrv.praticien (pra_num, pra_nom, pra_prenom, pra_adresse, pra_cp, pra_ville, pra_coefnotoriete, typ_code) VALUES (52, 'Dauverne', 'Marie-Christine', '69 av Charlemagne', '21000', 'DIJON', 281.05, 'MV');
INSERT INTO gsbrv.praticien (pra_num, pra_nom, pra_prenom, pra_adresse, pra_cp, pra_ville, pra_coefnotoriete, typ_code) VALUES (53, 'Vittorio', 'Myriam', '3 pl Champlain', '94000', 'BOISSY SAINT LEGER', 356.23, 'PS');
INSERT INTO gsbrv.praticien (pra_num, pra_nom, pra_prenom, pra_adresse, pra_cp, pra_ville, pra_coefnotoriete, typ_code) VALUES (54, 'Lapasset', 'Nhieu', '31 av 6 Juin', '52000', 'CHAUMONT', 107, 'PH');
INSERT INTO gsbrv.praticien (pra_num, pra_nom, pra_prenom, pra_adresse, pra_cp, pra_ville, pra_coefnotoriete, typ_code) VALUES (55, 'Plantet-Besnier', 'Nicole', '10 av 1├¿re Arm├®e Fran├ºaise', '86000', 'CHATELLEREAULT', 369.94, 'PO');
INSERT INTO gsbrv.praticien (pra_num, pra_nom, pra_prenom, pra_adresse, pra_cp, pra_ville, pra_coefnotoriete, typ_code) VALUES (56, 'Chubilleau', 'Pascal', '3 r Hastings', '15000', 'AURRILLAC', 290.75, 'MH');
INSERT INTO gsbrv.praticien (pra_num, pra_nom, pra_prenom, pra_adresse, pra_cp, pra_ville, pra_coefnotoriete, typ_code) VALUES (57, 'Robert', 'Pascal', '31 r St Jean', '93000', 'BOBIGNY', 162.41, 'MV');
INSERT INTO gsbrv.praticien (pra_num, pra_nom, pra_prenom, pra_adresse, pra_cp, pra_ville, pra_coefnotoriete, typ_code) VALUES (58, 'Jean', 'Pascale', '114 r Authie', '49100', 'SAUMUR', 375.52, 'PS');
INSERT INTO gsbrv.praticien (pra_num, pra_nom, pra_prenom, pra_adresse, pra_cp, pra_ville, pra_coefnotoriete, typ_code) VALUES (59, 'Chanteloube', 'Patrice', '14 av Thi├¿s', '13000', 'MARSEILLE', 478.01, 'PH');
INSERT INTO gsbrv.praticien (pra_num, pra_nom, pra_prenom, pra_adresse, pra_cp, pra_ville, pra_coefnotoriete, typ_code) VALUES (60, 'Lecuirot', 'Patrice', 'r├®sid St P├¿res 55 r Pigaci├¿re', '54000', 'NANCY', 239.66, 'PO');
INSERT INTO gsbrv.praticien (pra_num, pra_nom, pra_prenom, pra_adresse, pra_cp, pra_ville, pra_coefnotoriete, typ_code) VALUES (61, 'Gandon', 'Patrick', '47 av Robert Schuman', '37000', 'TOURS', 599.06, 'MH');
INSERT INTO gsbrv.praticien (pra_num, pra_nom, pra_prenom, pra_adresse, pra_cp, pra_ville, pra_coefnotoriete, typ_code) VALUES (62, 'Mirouf', 'Patrick', '22 r Puits Picard', '74000', 'ANNECY', 458.42, 'MV');
INSERT INTO gsbrv.praticien (pra_num, pra_nom, pra_prenom, pra_adresse, pra_cp, pra_ville, pra_coefnotoriete, typ_code) VALUES (63, 'Boireaux', 'Philippe', '14 av Thi├¿s', '10000', 'CHALON EN CHAMPAGNE', 454.48, 'PS');
INSERT INTO gsbrv.praticien (pra_num, pra_nom, pra_prenom, pra_adresse, pra_cp, pra_ville, pra_coefnotoriete, typ_code) VALUES (64, 'Cendrier', 'Philippe', '7 pl St Gilles', '12000', 'RODEZ', 164.16, 'PH');
INSERT INTO gsbrv.praticien (pra_num, pra_nom, pra_prenom, pra_adresse, pra_cp, pra_ville, pra_coefnotoriete, typ_code) VALUES (65, 'Duhamel', 'Philippe', '114 r Authie', '34000', 'MONTPELLIER', 98.62, 'PO');
INSERT INTO gsbrv.praticien (pra_num, pra_nom, pra_prenom, pra_adresse, pra_cp, pra_ville, pra_coefnotoriete, typ_code) VALUES (66, 'Grigy', 'Philippe', '15 r M├®lingue', '44000', 'CLISSON', 285.1, 'MH');
INSERT INTO gsbrv.praticien (pra_num, pra_nom, pra_prenom, pra_adresse, pra_cp, pra_ville, pra_coefnotoriete, typ_code) VALUES (67, 'Linard', 'Philippe', '1 r Albert de Mun', '81000', 'ALBI', 486.3, 'MV');
INSERT INTO gsbrv.praticien (pra_num, pra_nom, pra_prenom, pra_adresse, pra_cp, pra_ville, pra_coefnotoriete, typ_code) VALUES (68, 'Lozier', 'Philippe', '8 r Gaillon', '31000', 'TOULOUSE', 48.4, 'PS');
INSERT INTO gsbrv.praticien (pra_num, pra_nom, pra_prenom, pra_adresse, pra_cp, pra_ville, pra_coefnotoriete, typ_code) VALUES (69, 'Dech├ótre', 'Pierre', '63 av Thi├¿s', '23000', 'MONTLUCON', 253.75, 'PH');
INSERT INTO gsbrv.praticien (pra_num, pra_nom, pra_prenom, pra_adresse, pra_cp, pra_ville, pra_coefnotoriete, typ_code) VALUES (70, 'Goessens', 'Pierre', '22 r Jean Romain', '40000', 'MONT DE MARSAN', 426.19, 'PO');
INSERT INTO gsbrv.praticien (pra_num, pra_nom, pra_prenom, pra_adresse, pra_cp, pra_ville, pra_coefnotoriete, typ_code) VALUES (71, 'Lem├®nager', 'Pierre', '39 av 6 Juin', '57000', 'METZ', 118.7, 'MH');
INSERT INTO gsbrv.praticien (pra_num, pra_nom, pra_prenom, pra_adresse, pra_cp, pra_ville, pra_coefnotoriete, typ_code) VALUES (72, 'N├®e', 'Pierre', '39 av 6 Juin', '82000', 'MONTAUBAN', 72.54, 'MV');
INSERT INTO gsbrv.praticien (pra_num, pra_nom, pra_prenom, pra_adresse, pra_cp, pra_ville, pra_coefnotoriete, typ_code) VALUES (73, 'Guyot', 'Pierre-Laurent', '43 bd G├®n Vanier', '48000', 'MENDE', 352.31, 'PS');
INSERT INTO gsbrv.praticien (pra_num, pra_nom, pra_prenom, pra_adresse, pra_cp, pra_ville, pra_coefnotoriete, typ_code) VALUES (74, 'Chauchard', 'Roger', '9 r Vaucelles', '13000', 'MARSEILLE', 552.19, 'PH');
INSERT INTO gsbrv.praticien (pra_num, pra_nom, pra_prenom, pra_adresse, pra_cp, pra_ville, pra_coefnotoriete, typ_code) VALUES (75, 'Mabire', 'Roland', '11 r Boutiques', '67000', 'STRASBOURG', 422.39, 'PO');
INSERT INTO gsbrv.praticien (pra_num, pra_nom, pra_prenom, pra_adresse, pra_cp, pra_ville, pra_coefnotoriete, typ_code) VALUES (76, 'Leroy', 'Soazig', '45 r Boutiques', '61000', 'ALENCON', 570.67, 'MH');
INSERT INTO gsbrv.praticien (pra_num, pra_nom, pra_prenom, pra_adresse, pra_cp, pra_ville, pra_coefnotoriete, typ_code) VALUES (77, 'Guyot', 'St├®phane', '26 r H├®rouville', '46000', 'FIGEAC', 28.85, 'MV');
INSERT INTO gsbrv.praticien (pra_num, pra_nom, pra_prenom, pra_adresse, pra_cp, pra_ville, pra_coefnotoriete, typ_code) VALUES (78, 'Delposen', 'Sylvain', '39 av 6 Juin', '27000', 'DREUX', 292.01, 'PS');
INSERT INTO gsbrv.praticien (pra_num, pra_nom, pra_prenom, pra_adresse, pra_cp, pra_ville, pra_coefnotoriete, typ_code) VALUES (79, 'Rault', 'Sylvie', '15 bd Richemond', '2000', 'SOISSON', 526.6, 'PH');
INSERT INTO gsbrv.praticien (pra_num, pra_nom, pra_prenom, pra_adresse, pra_cp, pra_ville, pra_coefnotoriete, typ_code) VALUES (80, 'Renouf', 'Sylvie', '98 bd Mar Lyautey', '88000', 'EPINAL', 425.24, 'PO');
INSERT INTO gsbrv.praticien (pra_num, pra_nom, pra_prenom, pra_adresse, pra_cp, pra_ville, pra_coefnotoriete, typ_code) VALUES (81, 'Alliet-Grach', 'Thierry', '14 av Thi├¿s', '7000', 'PRIVAS', 451.31, 'MH');
INSERT INTO gsbrv.praticien (pra_num, pra_nom, pra_prenom, pra_adresse, pra_cp, pra_ville, pra_coefnotoriete, typ_code) VALUES (82, 'Bayard', 'Thierry', '92 r Falaise', '42000', 'SAINT ETIENNE', 271.71, 'MV');
INSERT INTO gsbrv.praticien (pra_num, pra_nom, pra_prenom, pra_adresse, pra_cp, pra_ville, pra_coefnotoriete, typ_code) VALUES (83, 'Gauchet', 'Thierry', '7 r Desmoueux', '38100', 'GRENOBLE', 406.1, 'PS');
INSERT INTO gsbrv.praticien (pra_num, pra_nom, pra_prenom, pra_adresse, pra_cp, pra_ville, pra_coefnotoriete, typ_code) VALUES (84, 'Bobichon', 'Tristan', '219 r Caponi├¿re', '9000', 'FOIX', 218.36, 'PH');
INSERT INTO gsbrv.praticien (pra_num, pra_nom, pra_prenom, pra_adresse, pra_cp, pra_ville, pra_coefnotoriete, typ_code) VALUES (85, 'Duchemin-Laniel', 'V├®ronique', '130 r St Jean', '33000', 'LIBOURNE', 265.61, 'PO');
INSERT INTO gsbrv.praticien (pra_num, pra_nom, pra_prenom, pra_adresse, pra_cp, pra_ville, pra_coefnotoriete, typ_code) VALUES (86, 'Laurent', 'Youn├¿s', '34 r Demolombe', '53000', 'MAYENNE', 496.1, 'MH');
INSERT INTO gsbrv.secteur (sec_code, sec_libelle) VALUES ('E', 'Est');
INSERT INTO gsbrv.secteur (sec_code, sec_libelle) VALUES ('N', 'Nord');
INSERT INTO gsbrv.secteur (sec_code, sec_libelle) VALUES ('O', 'Ouest');
INSERT INTO gsbrv.secteur (sec_code, sec_libelle) VALUES ('P', 'Paris centre');
INSERT INTO gsbrv.secteur (sec_code, sec_libelle) VALUES ('S', 'Sud');
INSERT INTO gsbrv.region (reg_code, sec_code, reg_nom) VALUES ('AL', 'E', 'Alsace Lorraine');
INSERT INTO gsbrv.region (reg_code, sec_code, reg_nom) VALUES ('AQ', 'S', 'Aquitaine');
INSERT INTO gsbrv.region (reg_code, sec_code, reg_nom) VALUES ('AU', 'P', 'Auvergne');
INSERT INTO gsbrv.region (reg_code, sec_code, reg_nom) VALUES ('BG', 'O', 'Bretagne');
INSERT INTO gsbrv.region (reg_code, sec_code, reg_nom) VALUES ('BN', 'O', 'Basse Normandie');
INSERT INTO gsbrv.region (reg_code, sec_code, reg_nom) VALUES ('BO', 'E', 'Bourgogne');
INSERT INTO gsbrv.region (reg_code, sec_code, reg_nom) VALUES ('CA', 'N', 'Champagne Ardennes');
INSERT INTO gsbrv.region (reg_code, sec_code, reg_nom) VALUES ('CE', 'P', 'Centre');
INSERT INTO gsbrv.region (reg_code, sec_code, reg_nom) VALUES ('FC', 'E', 'Franche Comt├®');
INSERT INTO gsbrv.region (reg_code, sec_code, reg_nom) VALUES ('HN', 'N', 'Haute Normandie');
INSERT INTO gsbrv.region (reg_code, sec_code, reg_nom) VALUES ('IF', 'P', 'Ile de France');
INSERT INTO gsbrv.region (reg_code, sec_code, reg_nom) VALUES ('LG', 'S', 'Languedoc');
INSERT INTO gsbrv.region (reg_code, sec_code, reg_nom) VALUES ('LI', 'P', 'Limousin');
INSERT INTO gsbrv.region (reg_code, sec_code, reg_nom) VALUES ('MP', 'S', 'Midi Pyr├®n├®e');
INSERT INTO gsbrv.region (reg_code, sec_code, reg_nom) VALUES ('NP', 'N', 'Nord Pas de Calais');
INSERT INTO gsbrv.region (reg_code, sec_code, reg_nom) VALUES ('PA', 'S', 'Provence Alpes Cote d''''Azur');
INSERT INTO gsbrv.region (reg_code, sec_code, reg_nom) VALUES ('PC', 'O', 'Poitou Charente');
INSERT INTO gsbrv.region (reg_code, sec_code, reg_nom) VALUES ('PI', 'N', 'Picardie');
INSERT INTO gsbrv.region (reg_code, sec_code, reg_nom) VALUES ('PL', 'O', 'Pays de Loire');
INSERT INTO gsbrv.region (reg_code, sec_code, reg_nom) VALUES ('RA', 'E', 'Rhone Alpes');
INSERT INTO gsbrv.region (reg_code, sec_code, reg_nom) VALUES ('RO', 'S', 'Roussilon');
INSERT INTO gsbrv.region (reg_code, sec_code, reg_nom) VALUES ('VD', 'O', 'Vend├®e');
INSERT INTO gsbrv.specialite (spe_code, spe_libelle) VALUES ('ACP', 'anatomie et cytologie pathologiques');
INSERT INTO gsbrv.specialite (spe_code, spe_libelle) VALUES ('AMV', 'ang├®iologie, M├®decine vasculaire');
INSERT INTO gsbrv.specialite (spe_code, spe_libelle) VALUES ('ARC', 'anesth├®siologie et r├®animation chirurgicale');
INSERT INTO gsbrv.specialite (spe_code, spe_libelle) VALUES ('BM', 'biologie m├®dicale');
INSERT INTO gsbrv.specialite (spe_code, spe_libelle) VALUES ('CAC', 'cardiologie et affections cardio-vasculaires');
INSERT INTO gsbrv.specialite (spe_code, spe_libelle) VALUES ('CCT', 'chirurgie cardio-vasculaire et thoracique');
INSERT INTO gsbrv.specialite (spe_code, spe_libelle) VALUES ('CG', 'chirurgie g├®n├®rale');
INSERT INTO gsbrv.specialite (spe_code, spe_libelle) VALUES ('CMF', 'chirurgie maxillo-faciale');
INSERT INTO gsbrv.specialite (spe_code, spe_libelle) VALUES ('COM', 'canc├®rologie, oncologie m├®dicale');
INSERT INTO gsbrv.specialite (spe_code, spe_libelle) VALUES ('COT', 'chirurgie orthop├®dique et traumatologie');
INSERT INTO gsbrv.specialite (spe_code, spe_libelle) VALUES ('CPR', 'chirurgie plastique reconstructrice et esth├®tique');
INSERT INTO gsbrv.specialite (spe_code, spe_libelle) VALUES ('CU', 'chirurgie urologique');
INSERT INTO gsbrv.specialite (spe_code, spe_libelle) VALUES ('CV', 'chirurgie vasculaire');
INSERT INTO gsbrv.specialite (spe_code, spe_libelle) VALUES ('DN', 'diab├®tologie-nutrition, nutrition');
INSERT INTO gsbrv.specialite (spe_code, spe_libelle) VALUES ('DV', 'dermatologie et v├®n├®r├®ologie');
INSERT INTO gsbrv.specialite (spe_code, spe_libelle) VALUES ('EM', 'endocrinologie et m├®tabolismes');
INSERT INTO gsbrv.specialite (spe_code, spe_libelle) VALUES ('ETD', '├®valuation et traitement de la douleur');
INSERT INTO gsbrv.specialite (spe_code, spe_libelle) VALUES ('GEH', 'gastro-ent├®rologie et h├®patologie (appareil digestif)');
INSERT INTO gsbrv.specialite (spe_code, spe_libelle) VALUES ('GMO', 'gyn├®cologie m├®dicale, obst├®trique');
INSERT INTO gsbrv.specialite (spe_code, spe_libelle) VALUES ('GO', 'gyn├®cologie-obst├®trique');
INSERT INTO gsbrv.specialite (spe_code, spe_libelle) VALUES ('HEM', 'maladies du sang (h├®matologie)');
INSERT INTO gsbrv.specialite (spe_code, spe_libelle) VALUES ('MBS', 'M├®decine et biologie du sport');
INSERT INTO gsbrv.specialite (spe_code, spe_libelle) VALUES ('MDT', 'M├®decine du travail');
INSERT INTO gsbrv.specialite (spe_code, spe_libelle) VALUES ('MMO', 'M├®decine manuelle - ost├®opathie');
INSERT INTO gsbrv.specialite (spe_code, spe_libelle) VALUES ('MN', 'M├®decine nucl├®aire');
INSERT INTO gsbrv.specialite (spe_code, spe_libelle) VALUES ('MPR', 'M├®decine physique et de r├®adaptation');
INSERT INTO gsbrv.specialite (spe_code, spe_libelle) VALUES ('MTR', 'M├®decine tropicale, pathologie infectieuse et tropicale');
INSERT INTO gsbrv.specialite (spe_code, spe_libelle) VALUES ('NEP', 'n├®phrologie');
INSERT INTO gsbrv.specialite (spe_code, spe_libelle) VALUES ('NRC', 'neurochirurgie');
INSERT INTO gsbrv.specialite (spe_code, spe_libelle) VALUES ('NRL', 'neurologie');
INSERT INTO gsbrv.specialite (spe_code, spe_libelle) VALUES ('ODM', 'orthop├®die dento maxillo-faciale');
INSERT INTO gsbrv.specialite (spe_code, spe_libelle) VALUES ('OPH', 'ophtalmologie');
INSERT INTO gsbrv.specialite (spe_code, spe_libelle) VALUES ('ORL', 'oto-rhino-laryngologie');
INSERT INTO gsbrv.specialite (spe_code, spe_libelle) VALUES ('PEA', 'psychiatrie de l''''enfant et de l''''adolescent');
INSERT INTO gsbrv.specialite (spe_code, spe_libelle) VALUES ('PME', 'p├®diatrie maladies des enfants');
INSERT INTO gsbrv.specialite (spe_code, spe_libelle) VALUES ('PNM', 'pneumologie');
INSERT INTO gsbrv.specialite (spe_code, spe_libelle) VALUES ('PSC', 'psychiatrie');
INSERT INTO gsbrv.specialite (spe_code, spe_libelle) VALUES ('RAD', 'radiologie (radiodiagnostic et imagerie m├®dicale)');
INSERT INTO gsbrv.specialite (spe_code, spe_libelle) VALUES ('RDT', 'radioth├®rapie (oncologie option radioth├®rapie)');
INSERT INTO gsbrv.specialite (spe_code, spe_libelle) VALUES ('RGM', 'reproduction et gyn├®cologie m├®dicale');
INSERT INTO gsbrv.specialite (spe_code, spe_libelle) VALUES ('RHU', 'rhumatologie');
INSERT INTO gsbrv.specialite (spe_code, spe_libelle) VALUES ('STO', 'stomatologie');
INSERT INTO gsbrv.specialite (spe_code, spe_libelle) VALUES ('SXL', 'sexologie');
INSERT INTO gsbrv.specialite (spe_code, spe_libelle) VALUES ('TXA', 'toxicomanie et alcoologie');
INSERT INTO gsbrv.visiteur (vis_matricule, vis_nom, vis_prenom, vis_adresse, vis_cp, vis_ville, vis_dateembauche, sec_code, lab_code, vis_mdp) VALUES ('a131', 'Villechalane', 'Louis', '8 cours Lafontaine', '29000', 'BREST', '2012-11-08', null, 'SW', 'azerty');
INSERT INTO gsbrv.visiteur (vis_matricule, vis_nom, vis_prenom, vis_adresse, vis_cp, vis_ville, vis_dateembauche, sec_code, lab_code, vis_mdp) VALUES ('a17', 'Andre', 'David', '1 rue Aimon de Chissee', '38100', 'GRENOBLE', '2008-06-19', null, 'GY', 'azerty');
INSERT INTO gsbrv.visiteur (vis_matricule, vis_nom, vis_prenom, vis_adresse, vis_cp, vis_ville, vis_dateembauche, sec_code, lab_code, vis_mdp) VALUES ('a55', 'Bedos', 'Christian', '1 rue B├®n├®dictins', '65000', 'TARBES', '2007-09-07', null, 'GY', 'qwerty');
INSERT INTO gsbrv.visiteur (vis_matricule, vis_nom, vis_prenom, vis_adresse, vis_cp, vis_ville, vis_dateembauche, sec_code, lab_code, vis_mdp) VALUES ('a93', 'Tusseau', 'Louis', '22 rue Renou', '86000', 'POITIERS', '2001-02-09', null, 'SW', null);
INSERT INTO gsbrv.visiteur (vis_matricule, vis_nom, vis_prenom, vis_adresse, vis_cp, vis_ville, vis_dateembauche, sec_code, lab_code, vis_mdp) VALUES ('b13', 'Bentot', 'Pascal', '11 avenue 6 Juin', '67000', 'STRASBOURG', '2003-11-06', null, 'GY', null);
INSERT INTO gsbrv.visiteur (vis_matricule, vis_nom, vis_prenom, vis_adresse, vis_cp, vis_ville, vis_dateembauche, sec_code, lab_code, vis_mdp) VALUES ('b16', 'Bioret', 'Luc', '1 rue Linne', '35000', 'RENNES', '2003-01-06', null, 'SW', null);
INSERT INTO gsbrv.visiteur (vis_matricule, vis_nom, vis_prenom, vis_adresse, vis_cp, vis_ville, vis_dateembauche, sec_code, lab_code, vis_mdp) VALUES ('b19', 'Bunisset', 'Francis', '10 rue Nicolas Chorier', '85000', 'LA ROCHE SUR YON', '2013-09-23', null, 'GY', null);
INSERT INTO gsbrv.visiteur (vis_matricule, vis_nom, vis_prenom, vis_adresse, vis_cp, vis_ville, vis_dateembauche, sec_code, lab_code, vis_mdp) VALUES ('b25', 'Bunisset', 'Denise', '1 rue Lionne', '49100', 'ANGERS', '2007-03-04', null, 'SW', 'azerty');
INSERT INTO gsbrv.visiteur (vis_matricule, vis_nom, vis_prenom, vis_adresse, vis_cp, vis_ville, vis_dateembauche, sec_code, lab_code, vis_mdp) VALUES ('b28', 'Cacheux', 'Bernard', '114 rue Authie', '34000', 'MONTPELLIER', '2008-02-10', null, 'GY', null);
INSERT INTO gsbrv.visiteur (vis_matricule, vis_nom, vis_prenom, vis_adresse, vis_cp, vis_ville, vis_dateembauche, sec_code, lab_code, vis_mdp) VALUES ('b34', 'Cadic', 'Eric', '123 rue Caponi├¿re', '41000', 'BLOIS', '2012-06-03', 'P', 'SW', 'azerty');
INSERT INTO gsbrv.visiteur (vis_matricule, vis_nom, vis_prenom, vis_adresse, vis_cp, vis_ville, vis_dateembauche, sec_code, lab_code, vis_mdp) VALUES ('b4', 'Charoze', 'Catherine', '100 place G├®ants', '33000', 'BORDEAUX', '2009-05-07', null, 'SW', null);
INSERT INTO gsbrv.visiteur (vis_matricule, vis_nom, vis_prenom, vis_adresse, vis_cp, vis_ville, vis_dateembauche, sec_code, lab_code, vis_mdp) VALUES ('b50', 'Clepkens', 'Christophe', '12 rue F├®d├®rico Garcia Lorca', '13000', 'MARSEILLE', '2011-08-18', null, 'SW', null);
INSERT INTO gsbrv.visiteur (vis_matricule, vis_nom, vis_prenom, vis_adresse, vis_cp, vis_ville, vis_dateembauche, sec_code, lab_code, vis_mdp) VALUES ('b59', 'Cottin', 'Vincenne', '36 square Capucins', '5000', 'GAP', '2010-12-19', null, 'GY', null);
INSERT INTO gsbrv.visiteur (vis_matricule, vis_nom, vis_prenom, vis_adresse, vis_cp, vis_ville, vis_dateembauche, sec_code, lab_code, vis_mdp) VALUES ('c14', 'Daburon', 'Fran├ºois', '13 rue Champs Elys├®es', '6000', 'NICE', '2012-01-20', 'S', 'SW', null);
INSERT INTO gsbrv.visiteur (vis_matricule, vis_nom, vis_prenom, vis_adresse, vis_cp, vis_ville, vis_dateembauche, sec_code, lab_code, vis_mdp) VALUES ('c3', 'De', 'Philippe', '13 rue Charles Peguy', '10000', 'TROYES', '2005-05-29', null, 'SW', null);
INSERT INTO gsbrv.visiteur (vis_matricule, vis_nom, vis_prenom, vis_adresse, vis_cp, vis_ville, vis_dateembauche, sec_code, lab_code, vis_mdp) VALUES ('c54', 'Debelle', 'Michel', '181 rue Caponi├¿re', '88000', 'EPINAL', '2004-09-19', null, 'SW', null);
INSERT INTO gsbrv.visiteur (vis_matricule, vis_nom, vis_prenom, vis_adresse, vis_cp, vis_ville, vis_dateembauche, sec_code, lab_code, vis_mdp) VALUES ('d13', 'Debelle', 'Jeanne', '134 rue Stalingrad', '44000', 'NANTES', '2012-05-25', null, 'SW', null);
INSERT INTO gsbrv.visiteur (vis_matricule, vis_nom, vis_prenom, vis_adresse, vis_cp, vis_ville, vis_dateembauche, sec_code, lab_code, vis_mdp) VALUES ('d51', 'Debroise', 'Michel', '2 avenue 6 Juin', '70000', 'VESOUL', '2011-08-17', 'E', 'GY', null);
INSERT INTO gsbrv.visiteur (vis_matricule, vis_nom, vis_prenom, vis_adresse, vis_cp, vis_ville, vis_dateembauche, sec_code, lab_code, vis_mdp) VALUES ('e22', 'Desmarquest', 'Nathalie', '14 rue F├®d├®rico Garcia Lorca', '54000', 'NANCY', '2013-04-18', null, 'GY', null);
INSERT INTO gsbrv.visiteur (vis_matricule, vis_nom, vis_prenom, vis_adresse, vis_cp, vis_ville, vis_dateembauche, sec_code, lab_code, vis_mdp) VALUES ('e24', 'Desnost', 'Pierre', '16 rue Barral de Montferrat', '55000', 'VERDUN', '2013-04-18', 'E', 'SW', null);
INSERT INTO gsbrv.visiteur (vis_matricule, vis_nom, vis_prenom, vis_adresse, vis_cp, vis_ville, vis_dateembauche, sec_code, lab_code, vis_mdp) VALUES ('e39', 'Dudouit', 'Fr├®d├®ric', '18 quai Xavier Jouvin', '75000', 'PARIS', '2013-04-18', null, 'GY', null);
INSERT INTO gsbrv.visiteur (vis_matricule, vis_nom, vis_prenom, vis_adresse, vis_cp, vis_ville, vis_dateembauche, sec_code, lab_code, vis_mdp) VALUES ('e49', 'Duncombe', 'Claude', '19 avenue Alsace Lorraine', '9000', 'FOIX', '2012-09-16', null, 'GY', null);
INSERT INTO gsbrv.visiteur (vis_matricule, vis_nom, vis_prenom, vis_adresse, vis_cp, vis_ville, vis_dateembauche, sec_code, lab_code, vis_mdp) VALUES ('e5', 'Enault-Pascreau', 'C├®line', '25B rue Stalingrad', '40000', 'MONT DE MARSAN', '2012-09-16', 'S', 'GY', null);
INSERT INTO gsbrv.visiteur (vis_matricule, vis_nom, vis_prenom, vis_adresse, vis_cp, vis_ville, vis_dateembauche, sec_code, lab_code, vis_mdp) VALUES ('e52', 'Eynde', 'Val├®rie', '3 rue Henri Moissan', '76000', 'ROUEN', '2012-09-16', null, 'GY', null);
INSERT INTO gsbrv.visiteur (vis_matricule, vis_nom, vis_prenom, vis_adresse, vis_cp, vis_ville, vis_dateembauche, sec_code, lab_code, vis_mdp) VALUES ('f21', 'Finck', 'Jacques', 'route Montreuil Bellay', '74000', 'ANNECY', '2012-09-16', null, 'SW', null);
INSERT INTO gsbrv.visiteur (vis_matricule, vis_nom, vis_prenom, vis_adresse, vis_cp, vis_ville, vis_dateembauche, sec_code, lab_code, vis_mdp) VALUES ('f39', 'Fr├®mont', 'Fernande', '4 rue Jean Giono', '69000', 'LYON', '2005-05-29', null, 'GY', null);
INSERT INTO gsbrv.visiteur (vis_matricule, vis_nom, vis_prenom, vis_adresse, vis_cp, vis_ville, vis_dateembauche, sec_code, lab_code, vis_mdp) VALUES ('f4', 'Gest', 'Alain', '30 rue Authie', '46000', 'FIGEAC', '2005-05-29', null, 'GY', null);
INSERT INTO gsbrv.visiteur (vis_matricule, vis_nom, vis_prenom, vis_adresse, vis_cp, vis_ville, vis_dateembauche, sec_code, lab_code, vis_mdp) VALUES ('g19', 'Gheysen', 'Galassus', '32 boulevard Mar Foch', '75000', 'PARIS', '2005-05-29', null, 'SW', null);
INSERT INTO gsbrv.visiteur (vis_matricule, vis_nom, vis_prenom, vis_adresse, vis_cp, vis_ville, vis_dateembauche, sec_code, lab_code, vis_mdp) VALUES ('g30', 'Girard', 'Yvon', '31 avenue du 6 Juin', '80000', 'AMIENS', '2012-05-25', 'N', 'GY', null);
INSERT INTO gsbrv.visiteur (vis_matricule, vis_nom, vis_prenom, vis_adresse, vis_cp, vis_ville, vis_dateembauche, sec_code, lab_code, vis_mdp) VALUES ('g53', 'Gombert', 'Luc', '32 rue Emile Gueymard', '56000', 'VANNES', '2012-05-25', null, 'GY', null);
INSERT INTO gsbrv.visiteur (vis_matricule, vis_nom, vis_prenom, vis_adresse, vis_cp, vis_ville, vis_dateembauche, sec_code, lab_code, vis_mdp) VALUES ('g7', 'Guindon', 'Caroline', '40 rue Mar Montgomery', '87000', 'LIMOGES', '2012-05-25', null, 'GY', null);
INSERT INTO gsbrv.visiteur (vis_matricule, vis_nom, vis_prenom, vis_adresse, vis_cp, vis_ville, vis_dateembauche, sec_code, lab_code, vis_mdp) VALUES ('h13', 'Guindon', 'Fran├ºois', '44 rue Picoti├¿re', '19000', 'TULLE', '2012-05-25', null, 'SW', null);
INSERT INTO gsbrv.visiteur (vis_matricule, vis_nom, vis_prenom, vis_adresse, vis_cp, vis_ville, vis_dateembauche, sec_code, lab_code, vis_mdp) VALUES ('h30', 'Igigabel', 'Guy', '33 rue Arlequin', '94000', 'CRETEIL', '2008-06-19', null, 'SW', null);
INSERT INTO gsbrv.visiteur (vis_matricule, vis_nom, vis_prenom, vis_adresse, vis_cp, vis_ville, vis_dateembauche, sec_code, lab_code, vis_mdp) VALUES ('h35', 'Jourdren', 'Pierre', '34 avenue Jean Perrot', '15000', 'AURRILLAC', '2008-06-19', null, 'GY', null);
INSERT INTO gsbrv.visiteur (vis_matricule, vis_nom, vis_prenom, vis_adresse, vis_cp, vis_ville, vis_dateembauche, sec_code, lab_code, vis_mdp) VALUES ('h40', 'Juttard', 'Pierre-Raoul', '34 cours Jean Jaur├¿s', '8000', 'SEDAN', '2008-06-19', null, 'GY', null);
INSERT INTO gsbrv.visiteur (vis_matricule, vis_nom, vis_prenom, vis_adresse, vis_cp, vis_ville, vis_dateembauche, sec_code, lab_code, vis_mdp) VALUES ('j45', 'Eur├®-Morel', 'Saout', '38 cours Berriat', '52000', 'CHAUMONT', '2008-06-19', 'N', 'SW', null);
INSERT INTO gsbrv.visiteur (vis_matricule, vis_nom, vis_prenom, vis_adresse, vis_cp, vis_ville, vis_dateembauche, sec_code, lab_code, vis_mdp) VALUES ('j50', 'Landr├®', 'Philippe', '4 avenue du G├®n├®ral Laperrine', '59000', 'LILLE', '2000-05-01', null, 'GY', null);
INSERT INTO gsbrv.visiteur (vis_matricule, vis_nom, vis_prenom, vis_adresse, vis_cp, vis_ville, vis_dateembauche, sec_code, lab_code, vis_mdp) VALUES ('j8', 'Langeard', 'Hugues', '39 avenue Jean Perrot', '93000', 'BAGNOLET', '2000-05-01', 'P', 'GY', null);
INSERT INTO gsbrv.visiteur (vis_matricule, vis_nom, vis_prenom, vis_adresse, vis_cp, vis_ville, vis_dateembauche, sec_code, lab_code, vis_mdp) VALUES ('k4', 'Lanne', 'Bernard', '4 rue Bayeux', '30000', 'NIMES', '2000-05-01', null, 'SW', null);
INSERT INTO gsbrv.visiteur (vis_matricule, vis_nom, vis_prenom, vis_adresse, vis_cp, vis_ville, vis_dateembauche, sec_code, lab_code, vis_mdp) VALUES ('k53', 'Le', 'No├½l', '4 avenue Beauvert', '68000', 'MULHOUSE', '2000-05-01', null, 'SW', null);
INSERT INTO gsbrv.visiteur (vis_matricule, vis_nom, vis_prenom, vis_adresse, vis_cp, vis_ville, vis_dateembauche, sec_code, lab_code, vis_mdp) VALUES ('l14', 'Le', 'Jean', '39 rue Raspail', '53000', 'LAVAL', '2000-05-01', null, 'SW', null);
INSERT INTO gsbrv.visiteur (vis_matricule, vis_nom, vis_prenom, vis_adresse, vis_cp, vis_ville, vis_dateembauche, sec_code, lab_code, vis_mdp) VALUES ('l23', 'Leclercq', 'Servane', '11 rue Quinconce', '18000', 'BOURGES', '1998-11-23', null, 'SW', null);
INSERT INTO gsbrv.visiteur (vis_matricule, vis_nom, vis_prenom, vis_adresse, vis_cp, vis_ville, vis_dateembauche, sec_code, lab_code, vis_mdp) VALUES ('l46', 'Lecornu', 'Jean-Bernard', '4 boulevard du Mar├®chal Foch', '72000', 'LA FERTE BERNARD', '1998-11-23', null, 'GY', null);
INSERT INTO gsbrv.visiteur (vis_matricule, vis_nom, vis_prenom, vis_adresse, vis_cp, vis_ville, vis_dateembauche, sec_code, lab_code, vis_mdp) VALUES ('l56', 'Lecornu', 'Ludovic', '4 rue Abel Servien', '25000', 'BESANCON', '1998-11-23', null, 'SW', null);
INSERT INTO gsbrv.visiteur (vis_matricule, vis_nom, vis_prenom, vis_adresse, vis_cp, vis_ville, vis_dateembauche, sec_code, lab_code, vis_mdp) VALUES ('m35', 'Lejard', 'Agn├¿s', '4 rue Anthoard', '82000', 'MONTAUBAN', '1998-11-23', null, 'SW', null);
INSERT INTO gsbrv.visiteur (vis_matricule, vis_nom, vis_prenom, vis_adresse, vis_cp, vis_ville, vis_dateembauche, sec_code, lab_code, vis_mdp) VALUES ('m45', 'Lesaulnier', 'Pascal', '47 rue Thiers', '57000', 'METZ', '1998-11-23', null, 'SW', null);
INSERT INTO gsbrv.visiteur (vis_matricule, vis_nom, vis_prenom, vis_adresse, vis_cp, vis_ville, vis_dateembauche, sec_code, lab_code, vis_mdp) VALUES ('n42', 'Letessier', 'St├®phane', '5 chemin de Capuche', '27000', 'EVREUX', '1998-11-23', null, 'GY', null);
INSERT INTO gsbrv.visiteur (vis_matricule, vis_nom, vis_prenom, vis_adresse, vis_cp, vis_ville, vis_dateembauche, sec_code, lab_code, vis_mdp) VALUES ('n58', 'Loirat', 'Didier', '12 avenue Bourg la Croix', '45000', 'ORLEANS', '1998-11-23', null, 'GY', null);
INSERT INTO gsbrv.visiteur (vis_matricule, vis_nom, vis_prenom, vis_adresse, vis_cp, vis_ville, vis_dateembauche, sec_code, lab_code, vis_mdp) VALUES ('n59', 'Maffezzoli', 'Thibaud', '5 rue Chateaubriand', '2000', 'LAON', '2005-12-21', null, 'SW', null);
INSERT INTO gsbrv.visiteur (vis_matricule, vis_nom, vis_prenom, vis_adresse, vis_cp, vis_ville, vis_dateembauche, sec_code, lab_code, vis_mdp) VALUES ('o26', 'Mancini', 'Anne', '5 rue D''''Agier', '48000', 'MENDE', '2005-12-21', null, 'GY', null);
INSERT INTO gsbrv.visiteur (vis_matricule, vis_nom, vis_prenom, vis_adresse, vis_cp, vis_ville, vis_dateembauche, sec_code, lab_code, vis_mdp) VALUES ('p32', 'Marcouiller', 'G├®rard', '7 place St Gilles', '91000', 'ISSY LES MOULINEAUX', '2005-12-21', null, 'GY', null);
INSERT INTO gsbrv.visiteur (vis_matricule, vis_nom, vis_prenom, vis_adresse, vis_cp, vis_ville, vis_dateembauche, sec_code, lab_code, vis_mdp) VALUES ('p40', 'Michel', 'Jean-Claude', '5 rue Gabriel P├®ri', '61000', 'FLERS', '2005-12-21', 'O', 'SW', null);
INSERT INTO gsbrv.visiteur (vis_matricule, vis_nom, vis_prenom, vis_adresse, vis_cp, vis_ville, vis_dateembauche, sec_code, lab_code, vis_mdp) VALUES ('p41', 'Montecot', 'Fran├ºoise', '6 rue Paul Val├®ry', '17000', 'SAINTES', '2005-12-21', null, 'GY', null);
INSERT INTO gsbrv.visiteur (vis_matricule, vis_nom, vis_prenom, vis_adresse, vis_cp, vis_ville, vis_dateembauche, sec_code, lab_code, vis_mdp) VALUES ('p42', 'Notini', 'Veronique', '5 rue du Lieutenant Chabal', '60000', 'BEAUVAIS', '2005-12-21', null, 'SW', null);
INSERT INTO gsbrv.visiteur (vis_matricule, vis_nom, vis_prenom, vis_adresse, vis_cp, vis_ville, vis_dateembauche, sec_code, lab_code, vis_mdp) VALUES ('p49', 'Onfroy', 'Den', '5 rue Sidonie Jacolin', '37000', 'TOURS', '2005-12-21', null, 'GY', null);
INSERT INTO gsbrv.visiteur (vis_matricule, vis_nom, vis_prenom, vis_adresse, vis_cp, vis_ville, vis_dateembauche, sec_code, lab_code, vis_mdp) VALUES ('p6', 'Pascreau', 'Charles', '57 boulevard Mar Foch', '64000', 'PAU', '1997-03-30', null, 'SW', null);
INSERT INTO gsbrv.visiteur (vis_matricule, vis_nom, vis_prenom, vis_adresse, vis_cp, vis_ville, vis_dateembauche, sec_code, lab_code, vis_mdp) VALUES ('p7', 'Pernot', 'Claude-No├½l', '6 rue Alexandre 1 de Yougoslavie', '11000', 'NARBONNE', '2003-01-02', null, 'SW', null);
INSERT INTO gsbrv.visiteur (vis_matricule, vis_nom, vis_prenom, vis_adresse, vis_cp, vis_ville, vis_dateembauche, sec_code, lab_code, vis_mdp) VALUES ('p8', 'Perrier', 'Ma├«tre', '6 rue Aubert Dubayet', '71000', 'CHALON SUR SAONE', '2006-06-23', null, 'GY', null);
INSERT INTO gsbrv.visiteur (vis_matricule, vis_nom, vis_prenom, vis_adresse, vis_cp, vis_ville, vis_dateembauche, sec_code, lab_code, vis_mdp) VALUES ('q17', 'Petit', 'Jean-Louis', '7 rue Ernest Renan', '50000', 'SAINT LO', '2009-06-07', null, 'GY', null);
INSERT INTO gsbrv.visiteur (vis_matricule, vis_nom, vis_prenom, vis_adresse, vis_cp, vis_ville, vis_dateembauche, sec_code, lab_code, vis_mdp) VALUES ('r24', 'Piquery', 'Patrick', '9 rue Vaucelles', '14000', 'CAEN', '2007-04-29', 'O', 'GY', null);
INSERT INTO gsbrv.visiteur (vis_matricule, vis_nom, vis_prenom, vis_adresse, vis_cp, vis_ville, vis_dateembauche, sec_code, lab_code, vis_mdp) VALUES ('r58', 'Quiquandon', 'Jo├½ll', '7 rue Ernest Renan', '29000', 'QUIMPER', '2006-09-30', null, 'GY', null);
INSERT INTO gsbrv.visiteur (vis_matricule, vis_nom, vis_prenom, vis_adresse, vis_cp, vis_ville, vis_dateembauche, sec_code, lab_code, vis_mdp) VALUES ('s10', 'Retailleau', 'Josselin', '88 bis rue Saumuroise', '39000', 'DOLE', '2011-12-05', null, 'SW', null);
INSERT INTO gsbrv.visiteur (vis_matricule, vis_nom, vis_prenom, vis_adresse, vis_cp, vis_ville, vis_dateembauche, sec_code, lab_code, vis_mdp) VALUES ('s21', 'Retailleau', 'Pascal', '32 boulevard Ayrault', '23000', 'MONTLUCON', '2009-05-09', null, 'SW', null);
INSERT INTO gsbrv.visiteur (vis_matricule, vis_nom, vis_prenom, vis_adresse, vis_cp, vis_ville, vis_dateembauche, sec_code, lab_code, vis_mdp) VALUES ('t43', 'Souron', 'Maryse', '7B rue Gay Lussac', '21000', 'DIJON', '2003-09-03', null, 'SW', null);
INSERT INTO gsbrv.visiteur (vis_matricule, vis_nom, vis_prenom, vis_adresse, vis_cp, vis_ville, vis_dateembauche, sec_code, lab_code, vis_mdp) VALUES ('t47', 'Tiphagne', 'Patrick', '7B rue Gay Lussac', '62000', 'ARRAS', '1997-08-29', null, 'SW', null);
INSERT INTO gsbrv.visiteur (vis_matricule, vis_nom, vis_prenom, vis_adresse, vis_cp, vis_ville, vis_dateembauche, sec_code, lab_code, vis_mdp) VALUES ('t55', 'Tr├®het', 'Alain', '7D chemin Barral', '12000', 'RODEZ', '1994-11-29', null, 'SW', null);
INSERT INTO gsbrv.visiteur (vis_matricule, vis_nom, vis_prenom, vis_adresse, vis_cp, vis_ville, vis_dateembauche, sec_code, lab_code, vis_mdp) VALUES ('t60', 'Tusseau', 'Josselin', '63 rue Bon Repos', '28000', 'CHARTRES', '1991-03-29', null, 'GY', 'f2d81a260dea8a100dd517984e53c56a7523d96942a834b9cdc249bd4e8c7aa9');
INSERT INTO gsbrv.travailler (vis_matricule, jjmmaa, reg_code, tra_role) VALUES ('a131', '2014-01-05', 'BN', 'Visiteur');
INSERT INTO gsbrv.travailler (vis_matricule, jjmmaa, reg_code, tra_role) VALUES ('a131', '2014-03-03', 'BG', 'Visiteur');
INSERT INTO gsbrv.travailler (vis_matricule, jjmmaa, reg_code, tra_role) VALUES ('a17', '2014-01-05', 'RA', 'Visiteur');
INSERT INTO gsbrv.travailler (vis_matricule, jjmmaa, reg_code, tra_role) VALUES ('a55', '2014-03-02', 'RO', 'Visiteur');
INSERT INTO gsbrv.travailler (vis_matricule, jjmmaa, reg_code, tra_role) VALUES ('a93', '2008-02-10', 'PC', 'Visiteur');
INSERT INTO gsbrv.travailler (vis_matricule, jjmmaa, reg_code, tra_role) VALUES ('b13', '2014-03-03', 'AL', 'Visiteur');
INSERT INTO gsbrv.travailler (vis_matricule, jjmmaa, reg_code, tra_role) VALUES ('b16', '2014-04-04', 'BG', 'Visiteur');
INSERT INTO gsbrv.travailler (vis_matricule, jjmmaa, reg_code, tra_role) VALUES ('b19', '2008-02-10', 'PL', 'Visiteur');
INSERT INTO gsbrv.travailler (vis_matricule, jjmmaa, reg_code, tra_role) VALUES ('b25', '2001-01-01', 'PL', 'D├®l├®gu├®');
INSERT INTO gsbrv.travailler (vis_matricule, jjmmaa, reg_code, tra_role) VALUES ('b25', '2014-03-02', 'PL', 'Visiteur');
INSERT INTO gsbrv.travailler (vis_matricule, jjmmaa, reg_code, tra_role) VALUES ('b28', '2008-02-10', 'LG', 'Visiteur');
INSERT INTO gsbrv.travailler (vis_matricule, jjmmaa, reg_code, tra_role) VALUES ('b34', '2014-01-20', 'CE', 'D├®l├®gu├®');
INSERT INTO gsbrv.travailler (vis_matricule, jjmmaa, reg_code, tra_role) VALUES ('b4', '2003-03-01', 'AQ', 'Visiteur');
INSERT INTO gsbrv.travailler (vis_matricule, jjmmaa, reg_code, tra_role) VALUES ('b50', '2003-03-01', 'PA', 'Visiteur');
INSERT INTO gsbrv.travailler (vis_matricule, jjmmaa, reg_code, tra_role) VALUES ('b59', '2014-03-02', 'RA', 'Visiteur');
INSERT INTO gsbrv.travailler (vis_matricule, jjmmaa, reg_code, tra_role) VALUES ('c14', '2003-03-01', 'PA', 'Responsable');
INSERT INTO gsbrv.travailler (vis_matricule, jjmmaa, reg_code, tra_role) VALUES ('c14', '2014-04-04', 'PA', 'D├®l├®gu├®');
INSERT INTO gsbrv.travailler (vis_matricule, jjmmaa, reg_code, tra_role) VALUES ('c3', '2014-01-05', 'CA', 'Visiteur');
INSERT INTO gsbrv.travailler (vis_matricule, jjmmaa, reg_code, tra_role) VALUES ('c54', '2014-01-05', 'AL', 'Visiteur');
INSERT INTO gsbrv.travailler (vis_matricule, jjmmaa, reg_code, tra_role) VALUES ('d13', '2014-01-05', 'PL', 'Visiteur');
INSERT INTO gsbrv.travailler (vis_matricule, jjmmaa, reg_code, tra_role) VALUES ('d51', '2003-03-01', 'FC', 'Responsable');
INSERT INTO gsbrv.travailler (vis_matricule, jjmmaa, reg_code, tra_role) VALUES ('e22', '2014-03-12', 'AL', 'Visiteur');
INSERT INTO gsbrv.travailler (vis_matricule, jjmmaa, reg_code, tra_role) VALUES ('e24', '2008-02-10', 'AL', 'Responsable');
INSERT INTO gsbrv.travailler (vis_matricule, jjmmaa, reg_code, tra_role) VALUES ('e39', '2014-03-12', 'IF', 'Visiteur');
INSERT INTO gsbrv.travailler (vis_matricule, jjmmaa, reg_code, tra_role) VALUES ('e49', '2014-03-03', 'MP', 'Visiteur');
INSERT INTO gsbrv.travailler (vis_matricule, jjmmaa, reg_code, tra_role) VALUES ('e5', '2003-03-01', 'AQ', 'Responsable');
INSERT INTO gsbrv.travailler (vis_matricule, jjmmaa, reg_code, tra_role) VALUES ('e52', '2014-01-05', 'HN', 'Visiteur');
INSERT INTO gsbrv.travailler (vis_matricule, jjmmaa, reg_code, tra_role) VALUES ('f21', '2014-01-20', 'RA', 'Visiteur');
INSERT INTO gsbrv.travailler (vis_matricule, jjmmaa, reg_code, tra_role) VALUES ('f39', '2014-04-04', 'RA', 'Visiteur');
INSERT INTO gsbrv.travailler (vis_matricule, jjmmaa, reg_code, tra_role) VALUES ('f4', '2014-03-02', 'MP', 'Visiteur');
INSERT INTO gsbrv.travailler (vis_matricule, jjmmaa, reg_code, tra_role) VALUES ('g19', '2014-03-03', 'IF', 'Visiteur');
INSERT INTO gsbrv.travailler (vis_matricule, jjmmaa, reg_code, tra_role) VALUES ('g30', '2003-03-01', 'PI', 'Responsable');
INSERT INTO gsbrv.travailler (vis_matricule, jjmmaa, reg_code, tra_role) VALUES ('g53', '2014-02-20', 'BG', 'Visiteur');
INSERT INTO gsbrv.travailler (vis_matricule, jjmmaa, reg_code, tra_role) VALUES ('g7', '2014-03-03', 'LI', 'Visiteur');
INSERT INTO gsbrv.travailler (vis_matricule, jjmmaa, reg_code, tra_role) VALUES ('h13', '2014-01-20', 'LI', 'Visiteur');
INSERT INTO gsbrv.travailler (vis_matricule, jjmmaa, reg_code, tra_role) VALUES ('h30', '2003-03-01', 'IF', 'Visiteur');
INSERT INTO gsbrv.travailler (vis_matricule, jjmmaa, reg_code, tra_role) VALUES ('h35', '2014-01-20', 'AU', 'Visiteur');
INSERT INTO gsbrv.travailler (vis_matricule, jjmmaa, reg_code, tra_role) VALUES ('h40', '2014-01-05', 'CA', 'Visiteur');
INSERT INTO gsbrv.travailler (vis_matricule, jjmmaa, reg_code, tra_role) VALUES ('j45', '2003-03-01', 'CA', 'Responsable');
INSERT INTO gsbrv.travailler (vis_matricule, jjmmaa, reg_code, tra_role) VALUES ('j50', '2014-01-05', 'NP', 'Visiteur');
INSERT INTO gsbrv.travailler (vis_matricule, jjmmaa, reg_code, tra_role) VALUES ('j8', '2008-02-10', 'IF', 'Responsable');
INSERT INTO gsbrv.travailler (vis_matricule, jjmmaa, reg_code, tra_role) VALUES ('k4', '2014-03-03', 'LG', 'Visiteur');
INSERT INTO gsbrv.travailler (vis_matricule, jjmmaa, reg_code, tra_role) VALUES ('k53', '2014-01-05', 'AL', 'D├®l├®gu├®');
INSERT INTO gsbrv.travailler (vis_matricule, jjmmaa, reg_code, tra_role) VALUES ('k53', '2014-02-20', 'CA', 'Visiteur');
INSERT INTO gsbrv.travailler (vis_matricule, jjmmaa, reg_code, tra_role) VALUES ('l14', '2014-03-02', 'PL', 'Visiteur');
INSERT INTO gsbrv.travailler (vis_matricule, jjmmaa, reg_code, tra_role) VALUES ('l23', '2014-03-02', 'PC', 'Visiteur');
INSERT INTO gsbrv.travailler (vis_matricule, jjmmaa, reg_code, tra_role) VALUES ('l46', '2014-03-03', 'PL', 'Visiteur');
INSERT INTO gsbrv.travailler (vis_matricule, jjmmaa, reg_code, tra_role) VALUES ('l56', '2014-03-03', 'FC', 'Visiteur');
INSERT INTO gsbrv.travailler (vis_matricule, jjmmaa, reg_code, tra_role) VALUES ('m35', '2014-03-12', 'MP', 'Visiteur');
INSERT INTO gsbrv.travailler (vis_matricule, jjmmaa, reg_code, tra_role) VALUES ('m45', '2014-03-12', 'AL', 'Visiteur');
INSERT INTO gsbrv.travailler (vis_matricule, jjmmaa, reg_code, tra_role) VALUES ('n42', '2014-03-03', 'HN', 'Visiteur');
INSERT INTO gsbrv.travailler (vis_matricule, jjmmaa, reg_code, tra_role) VALUES ('n58', '2014-01-05', 'CE', 'Visiteur');
INSERT INTO gsbrv.travailler (vis_matricule, jjmmaa, reg_code, tra_role) VALUES ('n59', '2014-03-02', 'PI', 'Visiteur');
INSERT INTO gsbrv.travailler (vis_matricule, jjmmaa, reg_code, tra_role) VALUES ('o26', '2014-03-02', 'LG', 'Visiteur');
INSERT INTO gsbrv.travailler (vis_matricule, jjmmaa, reg_code, tra_role) VALUES ('p32', '2014-01-20', 'IF', 'Visiteur');
INSERT INTO gsbrv.travailler (vis_matricule, jjmmaa, reg_code, tra_role) VALUES ('p40', '2008-02-10', 'BN', 'Responsable');
INSERT INTO gsbrv.travailler (vis_matricule, jjmmaa, reg_code, tra_role) VALUES ('p41', '2008-02-10', 'PC', 'Visiteur');
INSERT INTO gsbrv.travailler (vis_matricule, jjmmaa, reg_code, tra_role) VALUES ('p42', '2014-03-02', 'PI', 'Visiteur');
INSERT INTO gsbrv.travailler (vis_matricule, jjmmaa, reg_code, tra_role) VALUES ('p49', '2014-02-20', 'CE', 'Visiteur');
INSERT INTO gsbrv.travailler (vis_matricule, jjmmaa, reg_code, tra_role) VALUES ('p49', '2015-02-20', 'CE', 'D├®l├®gu├®');
INSERT INTO gsbrv.travailler (vis_matricule, jjmmaa, reg_code, tra_role) VALUES ('p49', '2017-02-20', 'CE', 'Responsable');
INSERT INTO gsbrv.travailler (vis_matricule, jjmmaa, reg_code, tra_role) VALUES ('p49', '2018-02-20', 'CE', 'Visiteur');
INSERT INTO gsbrv.travailler (vis_matricule, jjmmaa, reg_code, tra_role) VALUES ('p6', '2004-05-02', 'AQ', 'Visiteur');
INSERT INTO gsbrv.travailler (vis_matricule, jjmmaa, reg_code, tra_role) VALUES ('p7', '2014-03-12', 'RO', 'Visiteur');
INSERT INTO gsbrv.travailler (vis_matricule, jjmmaa, reg_code, tra_role) VALUES ('p8', '2014-01-05', 'BO', 'Visiteur');
INSERT INTO gsbrv.travailler (vis_matricule, jjmmaa, reg_code, tra_role) VALUES ('q17', '2003-03-01', 'BN', 'Visiteur');
INSERT INTO gsbrv.travailler (vis_matricule, jjmmaa, reg_code, tra_role) VALUES ('r24', '2014-02-20', 'BN', 'Visiteur');
INSERT INTO gsbrv.travailler (vis_matricule, jjmmaa, reg_code, tra_role) VALUES ('r58', '2014-03-12', 'BG', 'Visiteur');
INSERT INTO gsbrv.travailler (vis_matricule, jjmmaa, reg_code, tra_role) VALUES ('s10', '2014-03-03', 'FC', 'Visiteur');
INSERT INTO gsbrv.travailler (vis_matricule, jjmmaa, reg_code, tra_role) VALUES ('s21', '2014-01-05', 'LI', 'Visiteur');
INSERT INTO gsbrv.travailler (vis_matricule, jjmmaa, reg_code, tra_role) VALUES ('t43', '2014-03-02', 'BO', 'Visiteur');
INSERT INTO gsbrv.travailler (vis_matricule, jjmmaa, reg_code, tra_role) VALUES ('t47', '2004-05-02', 'PI', 'Visiteur');
INSERT INTO gsbrv.travailler (vis_matricule, jjmmaa, reg_code, tra_role) VALUES ('t55', '2014-03-02', 'MP', 'Visiteur');
INSERT INTO gsbrv.travailler (vis_matricule, jjmmaa, reg_code, tra_role) VALUES ('t60', '2014-03-12', 'CE', 'Visiteur');
INSERT INTO gsbrv.rapportvisite (vis_matricule, rap_num, rap_date_visite, rap_bilan, rap_date_redaction, rap_confiance, mo_code, pra_num, rap_lu) VALUES ('a131', 1, '2018-03-01', 'RAS', '2018-03-02', 1, 1, 22, null);
INSERT INTO gsbrv.rapportvisite (vis_matricule, rap_num, rap_date_visite, rap_bilan, rap_date_redaction, rap_confiance, mo_code, pra_num, rap_lu) VALUES ('a131', 2, '2018-04-02', 'RAS', '2018-03-02', 5, 1, 22, null);
INSERT INTO gsbrv.rapportvisite (vis_matricule, rap_num, rap_date_visite, rap_bilan, rap_date_redaction, rap_confiance, mo_code, pra_num, rap_lu) VALUES ('a131', 3, '2018-04-03', 'RAS', '2018-03-02', 5, 1, 18, null);
INSERT INTO gsbrv.rapportvisite (vis_matricule, rap_num, rap_date_visite, rap_bilan, rap_date_redaction, rap_confiance, mo_code, pra_num, rap_lu) VALUES ('a131', 4, '2018-05-10', 'RAS', '2018-03-02', 3, 1, 22, null);
INSERT INTO gsbrv.rapportvisite (vis_matricule, rap_num, rap_date_visite, rap_bilan, rap_date_redaction, rap_confiance, mo_code, pra_num, rap_lu) VALUES ('a131', 5, '2018-05-21', 'RAS', '2018-03-02', 2, 1, 18, null);
INSERT INTO gsbrv.rapportvisite (vis_matricule, rap_num, rap_date_visite, rap_bilan, rap_date_redaction, rap_confiance, mo_code, pra_num, rap_lu) VALUES ('a131', 6, '2019-03-08', 'RAS', '2019-03-08', 4, 1, 30, null);
INSERT INTO gsbrv.rapportvisite (vis_matricule, rap_num, rap_date_visite, rap_bilan, rap_date_redaction, rap_confiance, mo_code, pra_num, rap_lu) VALUES ('a131', 8, '2019-03-26', 'RAS', '2019-03-27', 3, 1, 23, null);
INSERT INTO gsbrv.rapportvisite (vis_matricule, rap_num, rap_date_visite, rap_bilan, rap_date_redaction, rap_confiance, mo_code, pra_num, rap_lu) VALUES ('a131', 10, '2018-03-30', 'RAS', '2018-03-31', 4, 1, 32, null);
INSERT INTO gsbrv.rapportvisite (vis_matricule, rap_num, rap_date_visite, rap_bilan, rap_date_redaction, rap_confiance, mo_code, pra_num, rap_lu) VALUES ('a131', 11, '2018-04-15', 'RAS', '2018-04-21', 2, 1, 45, null);
INSERT INTO gsbrv.rapportvisite (vis_matricule, rap_num, rap_date_visite, rap_bilan, rap_date_redaction, rap_confiance, mo_code, pra_num, rap_lu) VALUES ('a17', 8, '2019-03-13', 'RAS', '2019-03-20', 5, 1, 18, null);
INSERT INTO gsbrv.rapportvisite (vis_matricule, rap_num, rap_date_visite, rap_bilan, rap_date_redaction, rap_confiance, mo_code, pra_num, rap_lu) VALUES ('a17', 9, '2019-03-21', 'RAS', '2019-03-22', 4, 1, 22, null);
INSERT INTO gsbrv.rapportvisite (vis_matricule, rap_num, rap_date_visite, rap_bilan, rap_date_redaction, rap_confiance, mo_code, pra_num, rap_lu) VALUES ('b34', 7, '2019-02-08', 'RAS', '2019-03-02', 5, 1, 63, null);
INSERT INTO gsbrv.rapportvisite (vis_matricule, rap_num, rap_date_visite, rap_bilan, rap_date_redaction, rap_confiance, mo_code, pra_num, rap_lu) VALUES ('b34', 9, '2019-03-01', 'RAS', '2019-03-01', 2, 1, 16, null);
INSERT INTO gsbrv.rapportvisite (vis_matricule, rap_num, rap_date_visite, rap_bilan, rap_date_redaction, rap_confiance, mo_code, pra_num, rap_lu) VALUES ('p42', 13, '2019-07-24', 'RAS', '2019-07-27', 1, 1, 6, null);
INSERT INTO gsbrv.rapportvisite (vis_matricule, rap_num, rap_date_visite, rap_bilan, rap_date_redaction, rap_confiance, mo_code, pra_num, rap_lu) VALUES ('p7', 12, '2019-03-15', 'RAS', '2019-03-29', 5, 1, 1, null);
INSERT INTO gsbrv.rapportvisite (vis_matricule, rap_num, rap_date_visite, rap_bilan, rap_date_redaction, rap_confiance, mo_code, pra_num, rap_lu) VALUES ('r58', 14, '2019-10-25', 'RAS', '2019-10-31', 4, 1, 1, null);
INSERT INTO gsbrv.rapportvisite (vis_matricule, rap_num, rap_date_visite, rap_bilan, rap_date_redaction, rap_confiance, mo_code, pra_num, rap_lu) VALUES ('r58', 15, '2019-10-28', 'RAS', '2019-11-02', 5, 1, 6, null);
INSERT INTO gsbrv.rapportvisite (vis_matricule, rap_num, rap_date_visite, rap_bilan, rap_date_redaction, rap_confiance, mo_code, pra_num, rap_lu) VALUES ('t60', 16, '2019-08-23', 'RAS', '2019-08-23', 2, 1, 54, null);
INSERT INTO gsbrv.rapportvisite (vis_matricule, rap_num, rap_date_visite, rap_bilan, rap_date_redaction, rap_confiance, mo_code, pra_num, rap_lu) VALUES ('t60', 17, '2019-07-25', 'RAS', '2019-07-31', 5, 1, 14, null);
